tool,vuln,swc,dasp,ignore,severity
confuzzius,Arbitrary-Memory-Access,124,10,,Alta
confuzzius,Assertion-Failure,110,10,,Média
confuzzius,Block-Dependency,120,6,,Baixa
confuzzius,Integer-Overflow,101,3,,Alta
confuzzius,Leaking-Ether,105,10,,Alta
confuzzius,Locking-Ether,132,10,,Média
confuzzius,Reentrancy,107,1,,Alta
confuzzius,Transaction-Order-Dependency,114,7,,Média
confuzzius,Unhandled-Exception,104,4,,Média
confuzzius,Unprotected-Selfdestruct,106,5,,Alta
confuzzius,Unsafe-Delegatecall,112,2,,Alta
conkas,Integer-Overflow,,3,,Alta
conkas,Integer-Underflow,,3,,Alta
conkas,Reentrancy,,1,,Alta
conkas,Time-Manipulation,,8,,Baixa
conkas,Transaction-Ordering-Dependence,,7,,Baixa
conkas,Unchecked-Low-Level-Call,,4,,Média
maian,Destructible-verified,106,2,,
maian,Destructible,106,2,,
maian,Ether-leak-verified,,2,,
maian,Ether-leak,,2,,
maian,Ether-lock-Ether-accepted-without-send,,2,,
maian,Ether-lock,,2,,
maian,No-Ether-leak-no-send,,,Sim,Informativa
maian,No-Ether-lock-Ether-refused,,,Sim,Informativa
maian,Not-destructible-no-self-destruct,,,Sim,Informativa
mythril-0.23.15,Delegatecall_to_user_supplied_address_SWC_112,112,,,
mythril-0.23.15,Dependence_on_predictable_environment_variable_SWC_116,116,,,
mythril-0.23.15,Dependence_on_predictable_environment_variable_SWC_120,120,,,
mythril-0.23.15,Dependence_on_tx_origin_SWC_115,115,,,
mythril-0.23.15,Exception_State_SWC_110,110,,,
mythril-0.23.15,External_Call_To_User_Supplied_Address_SWC_107,107,,,
mythril-0.23.15,Integer_Arithmetic_Bugs_SWC_101,101,,,
mythril-0.23.15,Jump_to_an_arbitrary_instruction_SWC_127,127,,,
mythril-0.23.15,Multiple_Calls_in_a_Single_Transaction_SWC_113,113,,,
mythril-0.23.15,State_access_after_external_call_SWC_107,107,,,
mythril-0.23.15,Unchecked_return_value_from_external_call_SWC_104,104,,,
mythril-0.23.15,Unprotected_Ether_Withdrawal_SWC_105,105,,,
mythril-0.23.15,Unprotected_Selfdestruct_SWC_106,106,,,
mythril-0.23.15,Write_to_an_arbitrary_storage_location_SWC_124,124,,,
mythril-0.23.5,Delegatecall_to_user_supplied_address_SWC_112,112,,,
mythril-0.23.5,Delegatecall-to-user-supplied-address,112,2,,
mythril-0.23.5,Dependence_on_predictable_environment_variable_SWC_116,116,,,
mythril-0.23.5,Dependence_on_predictable_environment_variable_SWC_120,120,,,
mythril-0.23.5,Dependence_on_tx_origin_SWC_115,115,,,
mythril-0.23.5,Dependence-on-predictable-environment-variable,116,8,,
mythril-0.23.5,Dependence-on-tx-origin,115,2,,
mythril-0.23.5,Exception_State_SWC_110,110,,,
mythril-0.23.5,Exception-State,110,10,,
mythril-0.23.5,External_Call_To_User_Supplied_Address_SWC_107,107,,,
mythril-0.23.5,External-Call-To-User-Supplied-Address,107,1,,
mythril-0.23.5,Integer_Arithmetic_Bugs_SWC_101,101,,,
mythril-0.23.5,Integer-Arithmetic-Bugs,101,3,,
mythril-0.23.5,Jump-to-an-arbitrary-instruction,127,10,,
mythril-0.23.5,Multiple_Calls_in_a_Single_Transaction_SWC_113,113,,,
mythril-0.23.5,Multiple-Calls-in-a-Single-Transaction,113,5,,
mythril-0.23.5,State_access_after_external_call_SWC_107,107,,,
mythril-0.23.5,State-access-after-external-call,107,1,,
mythril-0.23.5,Unchecked_return_value_from_external_call_SWC_104,104,,,
mythril-0.23.5,Unchecked-return-value-from-external-call,104,4,,
mythril-0.23.5,Unprotected_Ether_Withdrawal_SWC_105,105,,,
mythril-0.23.5,Unprotected_Selfdestruct_SWC_106,106,,,
mythril-0.23.5,Unprotected-Ether-Withdrawal,105,10,,
mythril-0.23.5,Unprotected-Selfdestruct,106,5,,
mythril-0.23.5,Write-to-an-arbitrary-storage-location,124,10,,
osiris,Callstack_bug,,10,,
osiris,Concurrency_bug,,7,,
osiris,Division_bugs,,3,,
osiris,Overflow_bugs,,3,,
osiris,Reentrancy_bug,,1,,
osiris,Signedness_bugs,,3,,
osiris,Time_dependency_bug,,8,,
osiris,Truncation_bugs,,3,,
osiris,Underflow_bugs,,3,,
oyente,Callstack-Depth-Attack-Vulnerability,,5,,
oyente,Integer-Overflow,101,3,,
oyente,Integer-Underflow,101,3,,
oyente,Parity-Multisig-Bug-2,,,Sim,
oyente,Re-Entrancy-Vulnerability,107,1,,
oyente,Timestamp-Dependency,,8,,
oyente,Transaction-Ordering-Dependence-TOD,114,7,,
securify,DAO,107,1,,
securify,DAOConstantGas,,10,,
securify,MissingInputValidation,,10,,
securify,TODAmount,114,,,
securify,TODReceiver,114,,,
securify,TODTransfer,114,,,
securify,UnhandledException,,10,,
securify,UnrestrictedEtherFlow,105,,,
slither,arbitrary-send,,2,,Alta
slither,assembly,,,Sim,Informativa
slither,calls-loop,,5,,Baixa
slither,constable-states,,,Sim,Informativa
slither,constant-function,110,10,,
slither,controlled-delegatecall,112,10,,
slither,deprecated-standards,,,Sim,Informativa
slither,erc20-indexed,,10,,Média
slither,erc20-interface,,10,,Média
slither,external-function,,,Sim,Informativa
slither,incorrect-equality,132,10,,Média
slither,locked-ether,,2,,
slither,low-level-calls,,4,,
slither,naming-convention,,,Sim,Informativa
slither,pragma,,,Sim,Informativa
slither,reentrancy-benign,107,1,,Baixa
slither,reentrancy-eth,107,1,,Alta
slither,reentrancy-no-eth,107,1,,Média
slither,shadowing-abstract,119,10,,Média
slither,shadowing-builtin,119,10,,Média
slither,shadowing-local,119,10,,Média
slither,shadowing-state,119,10,,Média
slither,solc-version,,,Sim,Informativa
slither,suicidal,106,2,,Alta
slither,timestamp,,8,,Baixa
slither,tx-origin,115,2,,
slither,uninitialized-local,109,10,,Alta
slither,uninitialized-state,109,10,,Alta
slither,uninitialized-storage,109,10,,Alta
slither,unused-return,131,10,,Média
slither,unused-state,,,Sim,Informativa
solhint-3.3.8,avoid_call_value,,,,
solhint-3.3.8,avoid_low_level_calls,,,,
solhint-3.3.8,avoid_sha3,,,,
solhint-3.3.8,avoid_suicide,,,,
solhint-3.3.8,avoid_throw,,,,
solhint-3.3.8,avoid_tx_origin,115,2,,
solhint-3.3.8,check_send_result,,,,
solhint-3.3.8,compiler_version,,,,
solhint-3.3.8,const_name_snakecase,,,,
solhint-3.3.8,contract_name_camelcase,,,,
solhint-3.3.8,event_name_camelcase,,,,
solhint-3.3.8,func_name_mixedcase,,,,
solhint-3.3.8,func_visibility,,,,
solhint-3.3.8,imports_on_top,,,,
solhint-3.3.8,max_states_count,,,,
solhint-3.3.8,multiple_sends,,,,
solhint-3.3.8,no_complex_fallback,,,,
solhint-3.3.8,no_empty_blocks,,,,
solhint-3.3.8,no_inline_assembly,,,,
solhint-3.3.8,no_unused_vars,,,,
solhint-3.3.8,not_rely_on_block_hash,,,,
solhint-3.3.8,not_rely_on_time,,,,
solhint-3.3.8,payable_fallback,,,,
solhint-3.3.8,quotes,,,,
solhint-3.3.8,reason_string,,,,
solhint-3.3.8,reentrancy,107,1,,
solhint-3.3.8,state_visibility,,,,
solhint-3.3.8,use_forbidden_name,,,,
solhint-3.3.8,var_name_mixedcase,,,,
solhint-3.3.8,visibility_modifier_order,,,,
solhint,indent,,,Sim,Informativa
solhint,max-line-length,,,Sim,Informativa
