filename,basename,toolid,toolmode,parser_version,runid,start,duration,exit_code,findings,infos,errors,fails
../smartbugs-wild/output/0x000000000000541e251335090ac5b47176af4f7e.sol,0x000000000000541e251335090ac5b47176af4f7e.sol,confuzzius,solidity,2022/12/31,first-run,1675146166.5462487,616.1890687942505,,,,,DOCKER_TIMEOUT
../smartbugs-wild/output/0x000000000000541e251335090ac5b47176af4f7e.sol,0x000000000000541e251335090ac5b47176af4f7e.sol,conkas,solidity,2022/11/11,first-run,1675123193.4848063,202.6902060508728,0,Integer_Overflow,,PHI instruction need arguments but 0 was given,exception (RecursionError: maximum recursion depth exceeded)
../smartbugs-wild/output/0x000000000000541e251335090ac5b47176af4f7e.sol,0x000000000000541e251335090ac5b47176af4f7e.sol,maian,solidity,2022/11/11,first-run,1675110525.426183,622.4697942733765,,"No_Ether_leak_no_send,No_Ether_lock_Ether_refused,Not_destructible_no_self_destruct",analysis incomplete,Unknown operation,DOCKER_TIMEOUT
../smartbugs-wild/output/0x000000000000541e251335090ac5b47176af4f7e.sol,0x000000000000541e251335090ac5b47176af4f7e.sol,mythril-0.23.5,solidity,2022/11/11,first-run,1674281330.328517,615.0368797779083,,,,,DOCKER_TIMEOUT
../smartbugs-wild/output/0x000000000000541e251335090ac5b47176af4f7e.sol,0x000000000000541e251335090ac5b47176af4f7e.sol,oyente,solidity,2022/11/11,first-run,1675143561.298686,11.458622217178345,1,,"analysis incomplete,incomplete push instruction",,"""exception (RuntimeError: Source map error, unknown name(SHR) or instr_name(INVALID))"""
../smartbugs-wild/output/0x000000000000541e251335090ac5b47176af4f7e.sol,0x000000000000541e251335090ac5b47176af4f7e.sol,slither,solidity,2022/11/14,first-run,1675140409.249189,10.338534116744995,255,,,EXIT_CODE_255,error parsing results: file could not be opened successfully
../smartbugs-wild/output/0x000000000000541e251335090ac5b47176af4f7e.sol,0x000000000000541e251335090ac5b47176af4f7e.sol,solhint,solidity,2022/11/14,first-run,1675128009.785465,19.99079990386963,1,"indent,max_line_length",,EXIT_CODE_1,
../smartbugs-wild/output/0x000000000000c1cb11d5c062901f32d06248ce48.sol,0x000000000000c1cb11d5c062901f32d06248ce48.sol,confuzzius,solidity,2022/12/31,first-run,1675111183.6347795,20.912473678588867,255,,,"EXIT_CODE_255,No compiler output for: /sb/0x000000000000c1cb11d5c062901f32d06248ce48.sol",
../smartbugs-wild/output/0x000000000000c1cb11d5c062901f32d06248ce48.sol,0x000000000000c1cb11d5c062901f32d06248ce48.sol,conkas,solidity,2022/11/11,first-run,1675135845.7742465,15.50298523902893,1,,,EXIT_CODE_1,exception (AttributeError: 'NoneType' object has no attribute 'expressionList')
../smartbugs-wild/output/0x000000000000c1cb11d5c062901f32d06248ce48.sol,0x000000000000c1cb11d5c062901f32d06248ce48.sol,maian,solidity,2022/11/11,first-run,1675158496.514684,617.5965187549591,,,,,DOCKER_TIMEOUT
../smartbugs-wild/output/0x000000000000c1cb11d5c062901f32d06248ce48.sol,0x000000000000c1cb11d5c062901f32d06248ce48.sol,mythril-0.23.5,solidity,2022/11/11,first-run,1674281994.812293,510.5735318660736,0,,,,
../smartbugs-wild/output/0x000000000000c1cb11d5c062901f32d06248ce48.sol,0x000000000000c1cb11d5c062901f32d06248ce48.sol,oyente,solidity,2022/11/11,first-run,1675149633.1510968,7.995322227478027,1,,analysis incomplete,,"""exception (RuntimeError: Source map error, unknown name(SHR) or instr_name(INVALID))"""
../smartbugs-wild/output/0x000000000000c1cb11d5c062901f32d06248ce48.sol,0x000000000000c1cb11d5c062901f32d06248ce48.sol,slither,solidity,2022/11/14,first-run,1675132589.2015154,31.189854383468628,255,,,EXIT_CODE_255,error parsing results: file could not be opened successfully
../smartbugs-wild/output/0x000000000000c1cb11d5c062901f32d06248ce48.sol,0x000000000000c1cb11d5c062901f32d06248ce48.sol,solhint,solidity,2022/11/14,first-run,1675124957.926627,19.218976974487305,1,indent,,EXIT_CODE_1,
../smartbugs-wild/output/0x00000000000e66303c2251e0e08085d1cf157d7b.sol,0x00000000000e66303c2251e0e08085d1cf157d7b.sol,confuzzius,solidity,2022/12/31,first-run,1675122120.746142,25.50030207633972,1,,,EXIT_CODE_1,exception (UnicodeDecodeError: 'ascii' codec can't decode byte 0xe2 in position 1436: ordinal not in range(128))
../smartbugs-wild/output/0x00000000000e66303c2251e0e08085d1cf157d7b.sol,0x00000000000e66303c2251e0e08085d1cf157d7b.sol,conkas,solidity,2022/11/11,first-run,1675148725.787816,40.35226655006409,1,,,EXIT_CODE_1,exception (AttributeError: 'NoneType' object has no attribute 'getText')
../smartbugs-wild/output/0x00000000000e66303c2251e0e08085d1cf157d7b.sol,0x00000000000e66303c2251e0e08085d1cf157d7b.sol,maian,solidity,2022/11/11,first-run,1675158288.7489889,626.950174331665,,,,,DOCKER_TIMEOUT
../smartbugs-wild/output/0x00000000000e66303c2251e0e08085d1cf157d7b.sol,0x00000000000e66303c2251e0e08085d1cf157d7b.sol,mythril-0.23.5,solidity,2022/11/11,first-run,1674239075.4249213,262.20184326171875,0,Dependence_on_tx_origin,,,
../smartbugs-wild/output/0x00000000000e66303c2251e0e08085d1cf157d7b.sol,0x00000000000e66303c2251e0e08085d1cf157d7b.sol,oyente,solidity,2022/11/11,first-run,1675122985.3345668,17.885518789291382,1,,analysis incomplete,Solidity compilation failed,
../smartbugs-wild/output/0x00000000000e66303c2251e0e08085d1cf157d7b.sol,0x00000000000e66303c2251e0e08085d1cf157d7b.sol,slither,solidity,2022/11/14,first-run,1675139379.086376,9.529324293136597,255,,,EXIT_CODE_255,error parsing results: file could not be opened successfully
../smartbugs-wild/output/0x00000000000e66303c2251e0e08085d1cf157d7b.sol,0x00000000000e66303c2251e0e08085d1cf157d7b.sol,solhint,solidity,2022/11/14,first-run,1675131945.760095,22.689892768859863,1,indent,,EXIT_CODE_1,
../smartbugs-wild/output/0x0000000000377d181a0ebd08590c6b399b272000.sol,0x0000000000377d181a0ebd08590c6b399b272000.sol,confuzzius,solidity,2022/12/31,first-run,1675134581.2269728,30.88409161567688,254,,,"EXIT_CODE_254,Problem while deploying contract MultiSigWallet using account 0xcafebabecafebabecafebabecafebabecafebabe. Error message: b''",
../smartbugs-wild/output/0x0000000000377d181a0ebd08590c6b399b272000.sol,0x0000000000377d181a0ebd08590c6b399b272000.sol,conkas,solidity,2022/11/11,first-run,1675133766.5721426,75.3865978717804,0,"Integer_Overflow,Integer_Underflow",,,
../smartbugs-wild/output/0x0000000000377d181a0ebd08590c6b399b272000.sol,0x0000000000377d181a0ebd08590c6b399b272000.sol,maian,solidity,2022/11/11,first-run,1675111059.6151786,66.24566888809204,0,"No_Ether_leak_no_send,No_Ether_lock_Ether_refused,Not_destructible_no_self_destruct",,,
../smartbugs-wild/output/0x0000000000377d181a0ebd08590c6b399b272000.sol,0x0000000000377d181a0ebd08590c6b399b272000.sol,mythril-0.23.5,solidity,2022/11/11,first-run,1674285995.8759177,7.4148242473602295,0,,,,
../smartbugs-wild/output/0x0000000000377d181a0ebd08590c6b399b272000.sol,0x0000000000377d181a0ebd08590c6b399b272000.sol,oyente,solidity,2022/11/11,first-run,1675133339.154911,39.982003688812256,1,"Callstack_Depth_Attack_Vulnerability,Integer_Overflow,Integer_Underflow",,,
../smartbugs-wild/output/0x0000000000377d181a0ebd08590c6b399b272000.sol,0x0000000000377d181a0ebd08590c6b399b272000.sol,slither,solidity,2022/11/14,first-run,1675162831.7845476,8.920671463012695,19,"assembly,external_function,locked_ether,naming_convention,solc_version",,EXIT_CODE_19,
../smartbugs-wild/output/0x0000000000377d181a0ebd08590c6b399b272000.sol,0x0000000000377d181a0ebd08590c6b399b272000.sol,solhint,solidity,2022/11/14,first-run,1675122894.3757033,20.06188201904297,1,max_line_length,,EXIT_CODE_1,
../smartbugs-wild/output/0x00000000006c3852cbef3e08e8df289169ede581.sol,0x00000000006c3852cbef3e08e8df289169ede581.sol,confuzzius,solidity,2022/12/31,first-run,1675129383.402263,13.867545127868652,1,,,EXIT_CODE_1,exception (UnicodeDecodeError: 'ascii' codec can't decode byte 0xe2 in position 40498: ordinal not in range(128))
../smartbugs-wild/output/0x00000000006c3852cbef3e08e8df289169ede581.sol,0x00000000006c3852cbef3e08e8df289169ede581.sol,conkas,solidity,2022/11/11,first-run,1675165468.4140651,9.536914825439453,1,,,EXIT_CODE_1,exception (TypeError: object of type 'NoneType' has no len())
../smartbugs-wild/output/0x00000000006c3852cbef3e08e8df289169ede581.sol,0x00000000006c3852cbef3e08e8df289169ede581.sol,maian,solidity,2022/11/11,first-run,1675141123.637237,103.41839146614075,0,,,Cannot compile the contract,
../smartbugs-wild/output/0x00000000006c3852cbef3e08e8df289169ede581.sol,0x00000000006c3852cbef3e08e8df289169ede581.sol,mythril-0.23.5,solidity,2022/11/11,first-run,1674246900.9133735,7.78559947013855,0,,,Solc experienced a fatal error,
../smartbugs-wild/output/0x00000000006c3852cbef3e08e8df289169ede581.sol,0x00000000006c3852cbef3e08e8df289169ede581.sol,oyente,solidity,2022/11/11,first-run,1675137053.4675844,4.3155837059021,1,,analysis incomplete,Solidity compilation failed,
../smartbugs-wild/output/0x00000000006c3852cbef3e08e8df289169ede581.sol,0x00000000006c3852cbef3e08e8df289169ede581.sol,slither,solidity,2022/11/14,first-run,1675152949.348025,8.487246036529541,0,,,,
../smartbugs-wild/output/0x00000000006c3852cbef3e08e8df289169ede581.sol,0x00000000006c3852cbef3e08e8df289169ede581.sol,solhint,solidity,2022/11/14,first-run,1675122243.935452,12.216355800628662,1,indent,,EXIT_CODE_1,
../smartbugs-wild/output/0x00000000008d4f01d63beee04b849eff60de7517.sol,0x00000000008d4f01d63beee04b849eff60de7517.sol,confuzzius,solidity,2022/12/31,first-run,1675134380.0062323,34.87559485435486,255,,,"EXIT_CODE_255,No compiler output for: /sb/0x00000000008d4f01d63beee04b849eff60de7517.sol",
../smartbugs-wild/output/0x00000000008d4f01d63beee04b849eff60de7517.sol,0x00000000008d4f01d63beee04b849eff60de7517.sol,conkas,solidity,2022/11/11,first-run,1675163040.8205938,6.17201828956604,1,,,EXIT_CODE_1,exception (AttributeError: 'NoneType' object has no attribute 'getText')
../smartbugs-wild/output/0x00000000008d4f01d63beee04b849eff60de7517.sol,0x00000000008d4f01d63beee04b849eff60de7517.sol,maian,solidity,2022/11/11,first-run,1675161086.7223158,620.6885738372803,,,,,DOCKER_TIMEOUT
../smartbugs-wild/output/0x00000000008d4f01d63beee04b849eff60de7517.sol,0x00000000008d4f01d63beee04b849eff60de7517.sol,mythril-0.23.5,solidity,2022/11/11,first-run,1674249554.7398252,613.5868151187897,,,,,DOCKER_TIMEOUT
../smartbugs-wild/output/0x00000000008d4f01d63beee04b849eff60de7517.sol,0x00000000008d4f01d63beee04b849eff60de7517.sol,oyente,solidity,2022/11/11,first-run,1675110776.1934066,13.872010946273804,1,,analysis incomplete,Solidity compilation failed,
../smartbugs-wild/output/0x00000000008d4f01d63beee04b849eff60de7517.sol,0x00000000008d4f01d63beee04b849eff60de7517.sol,slither,solidity,2022/11/14,first-run,1675165237.6227632,4.816171646118164,255,,,EXIT_CODE_255,error parsing results: file could not be opened successfully
../smartbugs-wild/output/0x00000000008d4f01d63beee04b849eff60de7517.sol,0x00000000008d4f01d63beee04b849eff60de7517.sol,solhint,solidity,2022/11/14,first-run,1675109747.8804288,64.74091267585754,1,indent,,EXIT_CODE_1,
../smartbugs-wild/output/0x0000000000a39bb272e79075ade125fd351887ac.sol,0x0000000000a39bb272e79075ade125fd351887ac.sol,mythril-0.23.5,solidity,2022/11/11,first-run,1674250072.9899292,12.546663999557495,0,,,,
../smartbugs-wild/output/0x0000000002b0d8f6b89eb7c3294a14e89021e00c.sol,0x0000000002b0d8f6b89eb7c3294a14e89021e00c.sol,confuzzius,solidity,2022/12/31,first-run,1675148673.0196168,639.4991292953491,,,,,DOCKER_TIMEOUT
../smartbugs-wild/output/0x0000000002b0d8f6b89eb7c3294a14e89021e00c.sol,0x0000000002b0d8f6b89eb7c3294a14e89021e00c.sol,conkas,solidity,2022/11/11,first-run,1675127186.3496013,19.47844624519348,1,,,EXIT_CODE_1,exception (TypeError: object of type 'NoneType' has no len())
../smartbugs-wild/output/0x0000000002b0d8f6b89eb7c3294a14e89021e00c.sol,0x0000000002b0d8f6b89eb7c3294a14e89021e00c.sol,maian,solidity,2022/11/11,first-run,1675136663.4134529,614.1076197624207,,,,,DOCKER_TIMEOUT
../smartbugs-wild/output/0x0000000002b0d8f6b89eb7c3294a14e89021e00c.sol,0x0000000002b0d8f6b89eb7c3294a14e89021e00c.sol,mythril-0.23.5,solidity,2022/11/11,first-run,1674260468.846448,616.0392549037933,,,,,DOCKER_TIMEOUT
../smartbugs-wild/output/0x0000000002b0d8f6b89eb7c3294a14e89021e00c.sol,0x0000000002b0d8f6b89eb7c3294a14e89021e00c.sol,oyente,solidity,2022/11/11,first-run,1675143815.4062812,6.665837287902832,1,,analysis incomplete,Solidity compilation failed,
../smartbugs-wild/output/0x0000000002b0d8f6b89eb7c3294a14e89021e00c.sol,0x0000000002b0d8f6b89eb7c3294a14e89021e00c.sol,slither,solidity,2022/11/14,first-run,1675110063.1259506,11.9518141746521,255,,,EXIT_CODE_255,"error parsing results: file could not be opened successfully,exception (AssertionError)"
../smartbugs-wild/output/0x0000000002b0d8f6b89eb7c3294a14e89021e00c.sol,0x0000000002b0d8f6b89eb7c3294a14e89021e00c.sol,solhint,solidity,2022/11/14,first-run,1675157896.2816362,10.720758199691772,1,"indent,max_line_length",,EXIT_CODE_1,
../smartbugs-wild/output/0x0000000004cc52cc59f59a2e1fa2e9cf0f001b66.sol,0x0000000004cc52cc59f59a2e1fa2e9cf0f001b66.sol,confuzzius,solidity,2022/12/31,first-run,1675127450.9989924,18.16548442840576,254,,,"EXIT_CODE_254,Problem while deploying contract Cashier using account 0xcafebabecafebabecafebabecafebabecafebabe. Error message: b''",
../smartbugs-wild/output/0x0000000004cc52cc59f59a2e1fa2e9cf0f001b66.sol,0x0000000004cc52cc59f59a2e1fa2e9cf0f001b66.sol,conkas,solidity,2022/11/11,first-run,1675146967.4761481,7.541589021682739,1,,,EXIT_CODE_1,exception (AttributeError: 'NoneType' object has no attribute 'expressionList')
../smartbugs-wild/output/0x0000000004cc52cc59f59a2e1fa2e9cf0f001b66.sol,0x0000000004cc52cc59f59a2e1fa2e9cf0f001b66.sol,maian,solidity,2022/11/11,first-run,1675135729.4073253,613.4398701190948,,,,,DOCKER_TIMEOUT
../smartbugs-wild/output/0x0000000004cc52cc59f59a2e1fa2e9cf0f001b66.sol,0x0000000004cc52cc59f59a2e1fa2e9cf0f001b66.sol,mythril-0.23.5,solidity,2022/11/11,first-run,1674261674.8558924,60.21268439292908,0,,,,
../smartbugs-wild/output/0x0000000004cc52cc59f59a2e1fa2e9cf0f001b66.sol,0x0000000004cc52cc59f59a2e1fa2e9cf0f001b66.sol,oyente,solidity,2022/11/11,first-run,1675130632.5115626,14.41615080833435,1,,analysis incomplete,Solidity compilation failed,
../smartbugs-wild/output/0x0000000004cc52cc59f59a2e1fa2e9cf0f001b66.sol,0x0000000004cc52cc59f59a2e1fa2e9cf0f001b66.sol,slither,solidity,2022/11/14,first-run,1675158531.3706946,17.11059021949768,255,,,EXIT_CODE_255,error parsing results: file could not be opened successfully
../smartbugs-wild/output/0x0000000004cc52cc59f59a2e1fa2e9cf0f001b66.sol,0x0000000004cc52cc59f59a2e1fa2e9cf0f001b66.sol,solhint,solidity,2022/11/14,first-run,1675134132.6604104,28.862189769744873,1,indent,,EXIT_CODE_1,
../smartbugs-wild/output/0x000000000a4c1ff3204aef1e1d7451a40b863854.sol,0x000000000a4c1ff3204aef1e1d7451a40b863854.sol,confuzzius,solidity,2022/12/31,first-run,1675145792.5208917,620.4539382457733,,,,,DOCKER_TIMEOUT
../smartbugs-wild/output/0x000000000a4c1ff3204aef1e1d7451a40b863854.sol,0x000000000a4c1ff3204aef1e1d7451a40b863854.sol,conkas,solidity,2022/11/11,first-run,1675110845.2508607,19.486989974975586,1,,,EXIT_CODE_1,exception (TypeError: object of type 'NoneType' has no len())
../smartbugs-wild/output/0x000000000a4c1ff3204aef1e1d7451a40b863854.sol,0x000000000a4c1ff3204aef1e1d7451a40b863854.sol,maian,solidity,2022/11/11,first-run,1675154178.454497,621.1946449279785,,,,,DOCKER_TIMEOUT
../smartbugs-wild/output/0x000000000a4c1ff3204aef1e1d7451a40b863854.sol,0x000000000a4c1ff3204aef1e1d7451a40b863854.sol,mythril-0.23.5,solidity,2022/11/11,first-run,1674244202.0426846,616.8993926048279,,,,,DOCKER_TIMEOUT
../smartbugs-wild/output/0x000000000a4c1ff3204aef1e1d7451a40b863854.sol,0x000000000a4c1ff3204aef1e1d7451a40b863854.sol,oyente,solidity,2022/11/11,first-run,1675135109.7822027,36.69352459907532,1,,analysis incomplete,Solidity compilation failed,
../smartbugs-wild/output/0x000000000a4c1ff3204aef1e1d7451a40b863854.sol,0x000000000a4c1ff3204aef1e1d7451a40b863854.sol,slither,solidity,2022/11/14,first-run,1675109968.475549,29.158791065216064,255,,,EXIT_CODE_255,"error parsing results: file could not be opened successfully,exception (AssertionError)"
../smartbugs-wild/output/0x000000000a4c1ff3204aef1e1d7451a40b863854.sol,0x000000000a4c1ff3204aef1e1d7451a40b863854.sol,solhint,solidity,2022/11/14,first-run,1675136955.3764322,4.868438005447388,1,"indent,max_line_length",,EXIT_CODE_1,
../smartbugs-wild/output/0x000000000af0bb14e1bcfaa67d76cc436df54a47.sol,0x000000000af0bb14e1bcfaa67d76cc436df54a47.sol,confuzzius,solidity,2022/12/31,first-run,1675132809.5197647,648.7926726341248,,,,,DOCKER_TIMEOUT
../smartbugs-wild/output/0x000000000af0bb14e1bcfaa67d76cc436df54a47.sol,0x000000000af0bb14e1bcfaa67d76cc436df54a47.sol,conkas,solidity,2022/11/11,first-run,1675140702.526527,7.696253538131714,1,,,EXIT_CODE_1,exception (TypeError: object of type 'NoneType' has no len())
../smartbugs-wild/output/0x000000000af0bb14e1bcfaa67d76cc436df54a47.sol,0x000000000af0bb14e1bcfaa67d76cc436df54a47.sol,maian,solidity,2022/11/11,first-run,1675160802.541854,616.53342628479,,,,,DOCKER_TIMEOUT
../smartbugs-wild/output/0x000000000af0bb14e1bcfaa67d76cc436df54a47.sol,0x000000000af0bb14e1bcfaa67d76cc436df54a47.sol,mythril-0.23.5,solidity,2022/11/11,first-run,1674241371.626491,614.6586277484894,,,,,DOCKER_TIMEOUT
../smartbugs-wild/output/0x000000000af0bb14e1bcfaa67d76cc436df54a47.sol,0x000000000af0bb14e1bcfaa67d76cc436df54a47.sol,oyente,solidity,2022/11/11,first-run,1675147681.6006784,4.115975379943848,1,,analysis incomplete,Solidity compilation failed,
../smartbugs-wild/output/0x000000000af0bb14e1bcfaa67d76cc436df54a47.sol,0x000000000af0bb14e1bcfaa67d76cc436df54a47.sol,slither,solidity,2022/11/14,first-run,1675160304.284585,8.924921989440918,255,,,EXIT_CODE_255,"error parsing results: file could not be opened successfully,exception (AssertionError)"
../smartbugs-wild/output/0x000000000af0bb14e1bcfaa67d76cc436df54a47.sol,0x000000000af0bb14e1bcfaa67d76cc436df54a47.sol,solhint,solidity,2022/11/14,first-run,1675141141.1287565,17.633037328720093,1,"indent,max_line_length",,EXIT_CODE_1,
../smartbugs-wild/output/0x000000000c07ef1297222d14ad9606342f3b8898.sol,0x000000000c07ef1297222d14ad9606342f3b8898.sol,confuzzius,solidity,2022/12/31,first-run,1675137421.0658686,9.114006519317627,255,,,"EXIT_CODE_255,No compiler output for: /sb/0x000000000c07ef1297222d14ad9606342f3b8898.sol",
../smartbugs-wild/output/0x000000000c07ef1297222d14ad9606342f3b8898.sol,0x000000000c07ef1297222d14ad9606342f3b8898.sol,conkas,solidity,2022/11/11,first-run,1675147888.5240207,6.282243728637695,1,,,EXIT_CODE_1,exception (TypeError: object of type 'NoneType' has no len())
../smartbugs-wild/output/0x000000000c07ef1297222d14ad9606342f3b8898.sol,0x000000000c07ef1297222d14ad9606342f3b8898.sol,maian,solidity,2022/11/11,first-run,1675131926.8604026,323.9361078739166,0,"No_Ether_leak_no_send,No_Ether_lock_Ether_refused,Not_destructible_no_self_destruct",,Unknown operation,
../smartbugs-wild/output/0x000000000c07ef1297222d14ad9606342f3b8898.sol,0x000000000c07ef1297222d14ad9606342f3b8898.sol,mythril-0.23.5,solidity,2022/11/11,first-run,1674278814.7684395,598.9190292358398,0,,,,
../smartbugs-wild/output/0x000000000c07ef1297222d14ad9606342f3b8898.sol,0x000000000c07ef1297222d14ad9606342f3b8898.sol,oyente,solidity,2022/11/11,first-run,1675139710.7198138,4.910855293273926,1,,analysis incomplete,Solidity compilation failed,
../smartbugs-wild/output/0x000000000c07ef1297222d14ad9606342f3b8898.sol,0x000000000c07ef1297222d14ad9606342f3b8898.sol,slither,solidity,2022/11/14,first-run,1675124704.5682483,38.25515079498291,255,,,EXIT_CODE_255,error parsing results: file could not be opened successfully
../smartbugs-wild/output/0x000000000c07ef1297222d14ad9606342f3b8898.sol,0x000000000c07ef1297222d14ad9606342f3b8898.sol,solhint,solidity,2022/11/14,first-run,1675154849.6144514,7.865761995315552,1,"indent,max_line_length",,EXIT_CODE_1,
../smartbugs-wild/output/0x00000000219ab540356cbb839cbe05303d7705fa.sol,0x00000000219ab540356cbb839cbe05303d7705fa.sol,confuzzius,solidity,2022/12/31,first-run,1675122563.23031,9.59022569656372,1,,,EXIT_CODE_1,exception (UnicodeDecodeError: 'ascii' codec can't decode byte 0xe2 in position 3: ordinal not in range(128))
../smartbugs-wild/output/0x00000000219ab540356cbb839cbe05303d7705fa.sol,0x00000000219ab540356cbb839cbe05303d7705fa.sol,conkas,solidity,2022/11/11,first-run,1675140203.3994977,9.647034168243408,1,,,EXIT_CODE_1,exception (TypeError: object of type 'NoneType' has no len())
../smartbugs-wild/output/0x00000000219ab540356cbb839cbe05303d7705fa.sol,0x00000000219ab540356cbb839cbe05303d7705fa.sol,maian,solidity,2022/11/11,first-run,1675152456.346774,616.3821496963501,,,,,DOCKER_TIMEOUT
../smartbugs-wild/output/0x00000000219ab540356cbb839cbe05303d7705fa.sol,0x00000000219ab540356cbb839cbe05303d7705fa.sol,mythril-0.23.5,solidity,2022/11/11,first-run,1674251733.242038,8.392925024032593,0,,,,
../smartbugs-wild/output/0x00000000219ab540356cbb839cbe05303d7705fa.sol,0x00000000219ab540356cbb839cbe05303d7705fa.sol,oyente,solidity,2022/11/11,first-run,1675129061.597562,12.36924695968628,1,,analysis incomplete,,"""exception (RuntimeError: Source map error, unknown name(SHR) or instr_name(INVALID))"""
../smartbugs-wild/output/0x00000000219ab540356cbb839cbe05303d7705fa.sol,0x00000000219ab540356cbb839cbe05303d7705fa.sol,slither,solidity,2022/11/14,first-run,1675122519.3705065,9.657774209976196,255,,,EXIT_CODE_255,error parsing results: file could not be opened successfully
../smartbugs-wild/output/0x00000000219ab540356cbb839cbe05303d7705fa.sol,0x00000000219ab540356cbb839cbe05303d7705fa.sol,solhint,solidity,2022/11/14,first-run,1675124563.274569,37.501322507858276,1,"indent,max_line_length",,EXIT_CODE_1,
../smartbugs-wild/output/0x000000002bb43c83ece652d161ad0fa862129a2c.sol,0x000000002bb43c83ece652d161ad0fa862129a2c.sol,confuzzius,solidity,2022/12/31,first-run,1675109841.9266012,668.7917201519012,,Block_Dependency,,,DOCKER_TIMEOUT
../smartbugs-wild/output/0x000000002bb43c83ece652d161ad0fa862129a2c.sol,0x000000002bb43c83ece652d161ad0fa862129a2c.sol,conkas,solidity,2022/11/11,first-run,1675161950.7417974,131.85242342948914,0,"Integer_Overflow,Integer_Underflow,Reentrancy,Time_Manipulation",,,
../smartbugs-wild/output/0x000000002bb43c83ece652d161ad0fa862129a2c.sol,0x000000002bb43c83ece652d161ad0fa862129a2c.sol,maian,solidity,2022/11/11,first-run,1675164305.1902626,615.4718599319458,,,,,DOCKER_TIMEOUT
../smartbugs-wild/output/0x000000002bb43c83ece652d161ad0fa862129a2c.sol,0x000000002bb43c83ece652d161ad0fa862129a2c.sol,mythril-0.23.5,solidity,2022/11/11,first-run,1674276152.2400012,613.1151320934296,,,,,DOCKER_TIMEOUT
../smartbugs-wild/output/0x000000002bb43c83ece652d161ad0fa862129a2c.sol,0x000000002bb43c83ece652d161ad0fa862129a2c.sol,oyente,solidity,2022/11/11,first-run,1675137544.8536859,35.56334829330444,1,"Integer_Overflow,Integer_Underflow,Timestamp_Dependency,Transaction_Ordering_Dependence_TOD",,,
../smartbugs-wild/output/0x000000002bb43c83ece652d161ad0fa862129a2c.sol,0x000000002bb43c83ece652d161ad0fa862129a2c.sol,slither,solidity,2022/11/14,first-run,1675128172.8133297,16.62433624267578,84,"assembly,constable_states,incorrect_equality,locked_ether,naming_convention,reentrancy_benign,reentrancy_no_eth,solc_version,unused_return,unused_state",,EXIT_CODE_84,
../smartbugs-wild/output/0x000000002bb43c83ece652d161ad0fa862129a2c.sol,0x000000002bb43c83ece652d161ad0fa862129a2c.sol,solhint,solidity,2022/11/14,first-run,1675162732.200153,4.461211204528809,1,"indent,max_line_length",,EXIT_CODE_1,
../smartbugs-wild/output/0x00000000454a11ca3a574738c0aab442b62d5d45.sol,0x00000000454a11ca3a574738c0aab442b62d5d45.sol,confuzzius,solidity,2022/12/31,first-run,1675158011.7864697,9.213067293167114,255,,,"EXIT_CODE_255,No compiler output for: /sb/0x00000000454a11ca3a574738c0aab442b62d5d45.sol",
../smartbugs-wild/output/0x00000000454a11ca3a574738c0aab442b62d5d45.sol,0x00000000454a11ca3a574738c0aab442b62d5d45.sol,conkas,solidity,2022/11/11,first-run,1675125729.9389317,10.54798698425293,1,,,EXIT_CODE_1,exception (ANTLR runtime and generated code versions disagree: 4.9.2!=4.7.2)
../smartbugs-wild/output/0x00000000454a11ca3a574738c0aab442b62d5d45.sol,0x00000000454a11ca3a574738c0aab442b62d5d45.sol,maian,solidity,2022/11/11,first-run,1675130975.9181666,262.95947098731995,0,"Ether_lock,No_Ether_leak_no_send,No_Ether_lock_Ether_refused,Not_destructible_no_self_destruct",,Unknown operation,
../smartbugs-wild/output/0x00000000454a11ca3a574738c0aab442b62d5d45.sol,0x00000000454a11ca3a574738c0aab442b62d5d45.sol,mythril-0.23.5,solidity,2022/11/11,first-run,1674268537.789412,7.2164435386657715,0,,,Solc experienced a fatal error,
../smartbugs-wild/output/0x00000000454a11ca3a574738c0aab442b62d5d45.sol,0x00000000454a11ca3a574738c0aab442b62d5d45.sol,oyente,solidity,2022/11/11,first-run,1675150321.4924743,7.143754482269287,1,,"analysis incomplete,incomplete push instruction",,exception (KeyError: '/sb/0x00000000454a11ca3a574738c0aab442b62d5d45.sol:Types')
../smartbugs-wild/output/0x00000000454a11ca3a574738c0aab442b62d5d45.sol,0x00000000454a11ca3a574738c0aab442b62d5d45.sol,slither,solidity,2022/11/14,first-run,1675148877.7846837,24.691657304763794,255,,,EXIT_CODE_255,error parsing results: file could not be opened successfully
../smartbugs-wild/output/0x00000000454a11ca3a574738c0aab442b62d5d45.sol,0x00000000454a11ca3a574738c0aab442b62d5d45.sol,solhint,solidity,2022/11/14,first-run,1675150813.258938,17.92276382446289,1,"indent,max_line_length",,EXIT_CODE_1,
../smartbugs-wild/output/0x0000000078d0d7bc6127b4829bbcf9a635467cdd.sol,0x0000000078d0d7bc6127b4829bbcf9a635467cdd.sol,confuzzius,solidity,2022/12/31,first-run,1675154993.7998486,15.586583852767944,254,,,"EXIT_CODE_254,Problem while deploying contract Cashier using account 0xcafebabecafebabecafebabecafebabecafebabe. Error message: b''",
../smartbugs-wild/output/0x0000000078d0d7bc6127b4829bbcf9a635467cdd.sol,0x0000000078d0d7bc6127b4829bbcf9a635467cdd.sol,conkas,solidity,2022/11/11,first-run,1675157928.5767348,7.284521818161011,1,,,EXIT_CODE_1,exception (AttributeError: 'NoneType' object has no attribute 'expressionList')
../smartbugs-wild/output/0x0000000078d0d7bc6127b4829bbcf9a635467cdd.sol,0x0000000078d0d7bc6127b4829bbcf9a635467cdd.sol,maian,solidity,2022/11/11,first-run,1675125040.4810026,88.67433857917786,0,"No_Ether_leak_no_send,No_Ether_lock_Ether_refused,Not_destructible_no_self_destruct",,,
../smartbugs-wild/output/0x0000000078d0d7bc6127b4829bbcf9a635467cdd.sol,0x0000000078d0d7bc6127b4829bbcf9a635467cdd.sol,mythril-0.23.5,solidity,2022/11/11,first-run,1674249893.7425177,57.00555753707886,0,,,,
../smartbugs-wild/output/0x0000000078d0d7bc6127b4829bbcf9a635467cdd.sol,0x0000000078d0d7bc6127b4829bbcf9a635467cdd.sol,oyente,solidity,2022/11/11,first-run,1675129810.503283,32.820303201675415,1,,analysis incomplete,Solidity compilation failed,
../smartbugs-wild/output/0x0000000078d0d7bc6127b4829bbcf9a635467cdd.sol,0x0000000078d0d7bc6127b4829bbcf9a635467cdd.sol,slither,solidity,2022/11/14,first-run,1675131180.0642505,13.306054592132568,255,,,EXIT_CODE_255,error parsing results: file could not be opened successfully
../smartbugs-wild/output/0x0000000078d0d7bc6127b4829bbcf9a635467cdd.sol,0x0000000078d0d7bc6127b4829bbcf9a635467cdd.sol,solhint,solidity,2022/11/14,first-run,1675123721.7759423,14.844275951385498,1,indent,,EXIT_CODE_1,
../smartbugs-wild/output/0x00000000f2cfa550ad4aae0f33bcaad5164900be.sol,0x00000000f2cfa550ad4aae0f33bcaad5164900be.sol,confuzzius,solidity,2022/12/31,first-run,1675124930.056941,619.3173496723175,254,"Block_Dependency,Integer_Overflow",,"EXIT_CODE_254,Problem while deploying contract Stealth using account 0xcafebabecafebabecafebabecafebabecafebabe. Error message: b''",
../smartbugs-wild/output/0x00000000f2cfa550ad4aae0f33bcaad5164900be.sol,0x00000000f2cfa550ad4aae0f33bcaad5164900be.sol,conkas,solidity,2022/11/11,first-run,1675139302.5042577,11.762709140777588,1,,,EXIT_CODE_1,exception (AttributeError: 'NoneType' object has no attribute 'expressionList')
../smartbugs-wild/output/0x00000000f2cfa550ad4aae0f33bcaad5164900be.sol,0x00000000f2cfa550ad4aae0f33bcaad5164900be.sol,maian,solidity,2022/11/11,first-run,1675139547.5071967,616.6838471889496,,,,,DOCKER_TIMEOUT
../smartbugs-wild/output/0x00000000f2cfa550ad4aae0f33bcaad5164900be.sol,0x00000000f2cfa550ad4aae0f33bcaad5164900be.sol,oyente,solidity,2022/11/11,first-run,1675140576.1839428,7.344893455505371,1,,analysis incomplete,Solidity compilation failed,
../smartbugs-wild/output/0x00000000f2cfa550ad4aae0f33bcaad5164900be.sol,0x00000000f2cfa550ad4aae0f33bcaad5164900be.sol,slither,solidity,2022/11/14,first-run,1675148085.6709754,5.903259754180908,255,,,EXIT_CODE_255,error parsing results: file could not be opened successfully
../smartbugs-wild/output/0x00000000f2cfa550ad4aae0f33bcaad5164900be.sol,0x00000000f2cfa550ad4aae0f33bcaad5164900be.sol,solhint,solidity,2022/11/14,first-run,1675138149.3674603,5.094788312911987,1,"indent,max_line_length",,EXIT_CODE_1,
../smartbugs-wild/output/0x00000007b0390fc9ca72f534366f5c02d5af5334.sol,0x00000007b0390fc9ca72f534366f5c02d5af5334.sol,confuzzius,solidity,2022/12/31,first-run,1675143417.2974625,622.730138540268,,Assertion_Failure,,,DOCKER_TIMEOUT
../smartbugs-wild/output/0x00000007b0390fc9ca72f534366f5c02d5af5334.sol,0x00000007b0390fc9ca72f534366f5c02d5af5334.sol,conkas,solidity,2022/11/11,first-run,1675146432.1324744,114.37135457992554,0,Integer_Overflow,,,
../smartbugs-wild/output/0x00000007b0390fc9ca72f534366f5c02d5af5334.sol,0x00000007b0390fc9ca72f534366f5c02d5af5334.sol,maian,solidity,2022/11/11,first-run,1675145913.9959257,617.3252651691437,,,,,DOCKER_TIMEOUT
../smartbugs-wild/output/0x00000007b0390fc9ca72f534366f5c02d5af5334.sol,0x00000007b0390fc9ca72f534366f5c02d5af5334.sol,mythril-0.23.5,solidity,2022/11/11,first-run,1674276759.6106482,613.8795614242554,,,,,DOCKER_TIMEOUT
../smartbugs-wild/output/0x00000007b0390fc9ca72f534366f5c02d5af5334.sol,0x00000007b0390fc9ca72f534366f5c02d5af5334.sol,oyente,solidity,2022/11/11,first-run,1675125790.7813895,26.860661506652832,1,"Integer_Overflow,Integer_Underflow,Timestamp_Dependency",,,
../smartbugs-wild/output/0x00000007b0390fc9ca72f534366f5c02d5af5334.sol,0x00000007b0390fc9ca72f534366f5c02d5af5334.sol,slither,solidity,2022/11/14,first-run,1675128182.2168372,16.38475227355957,26,"constable_states,external_function,incorrect_equality,naming_convention",,EXIT_CODE_26,
../smartbugs-wild/output/0x00000007b0390fc9ca72f534366f5c02d5af5334.sol,0x00000007b0390fc9ca72f534366f5c02d5af5334.sol,solhint,solidity,2022/11/14,first-run,1675162438.3372698,3.9825186729431152,1,indent,,EXIT_CODE_1,
../smartbugs-wild/output/0x0000000a95cdc345c1f71e361ece941ab2149fbe.sol,0x0000000a95cdc345c1f71e361ece941ab2149fbe.sol,confuzzius,solidity,2022/12/31,first-run,1675138382.8932965,13.606119394302368,254,,,"EXIT_CODE_254,Problem while deploying contract ERC721 using account 0xcafebabecafebabecafebabecafebabecafebabe. Error message: b''",
../smartbugs-wild/output/0x0000000a95cdc345c1f71e361ece941ab2149fbe.sol,0x0000000a95cdc345c1f71e361ece941ab2149fbe.sol,conkas,solidity,2022/11/11,first-run,1675124864.0842452,41.03765153884888,1,,,EXIT_CODE_1,exception (TypeError: object of type 'NoneType' has no len())
../smartbugs-wild/output/0x0000000a95cdc345c1f71e361ece941ab2149fbe.sol,0x0000000a95cdc345c1f71e361ece941ab2149fbe.sol,maian,solidity,2022/11/11,first-run,1675145717.3810582,621.3251972198486,,,,,DOCKER_TIMEOUT
../smartbugs-wild/output/0x0000000a95cdc345c1f71e361ece941ab2149fbe.sol,0x0000000a95cdc345c1f71e361ece941ab2149fbe.sol,mythril-0.23.5,solidity,2022/11/11,first-run,1674271857.065912,614.9547061920166,,,,,DOCKER_TIMEOUT
../smartbugs-wild/output/0x0000000a95cdc345c1f71e361ece941ab2149fbe.sol,0x0000000a95cdc345c1f71e361ece941ab2149fbe.sol,oyente,solidity,2022/11/11,first-run,1675146941.9399693,10.8554368019104,1,,analysis incomplete,Solidity compilation failed,
../smartbugs-wild/output/0x0000000a95cdc345c1f71e361ece941ab2149fbe.sol,0x0000000a95cdc345c1f71e361ece941ab2149fbe.sol,slither,solidity,2022/11/14,first-run,1675159461.2601666,8.870334148406982,255,,,EXIT_CODE_255,error parsing results: file could not be opened successfully
../smartbugs-wild/output/0x0000000a95cdc345c1f71e361ece941ab2149fbe.sol,0x0000000a95cdc345c1f71e361ece941ab2149fbe.sol,solhint,solidity,2022/11/14,first-run,1675136247.604202,4.047872066497803,1,"indent,max_line_length",,EXIT_CODE_1,
../smartbugs-wild/output/0x000000777697bdb425a417495743088dc664b10b.sol,0x000000777697bdb425a417495743088dc664b10b.sol,confuzzius,solidity,2022/12/31,first-run,1675133129.9181757,26.590078115463257,1,,,EXIT_CODE_1,exception (UnicodeDecodeError: 'ascii' codec can't decode byte 0xc2 in position 1351: ordinal not in range(128))
../smartbugs-wild/output/0x000000777697bdb425a417495743088dc664b10b.sol,0x000000777697bdb425a417495743088dc664b10b.sol,conkas,solidity,2022/11/11,first-run,1675109899.4302812,53.4409441947937,1,,,EXIT_CODE_1,exception (AttributeError: 'NoneType' object has no attribute 'expressionList')
../smartbugs-wild/output/0x000000777697bdb425a417495743088dc664b10b.sol,0x000000777697bdb425a417495743088dc664b10b.sol,maian,solidity,2022/11/11,first-run,1675154156.581186,618.6872453689575,,,,,DOCKER_TIMEOUT
../smartbugs-wild/output/0x000000777697bdb425a417495743088dc664b10b.sol,0x000000777697bdb425a417495743088dc664b10b.sol,mythril-0.23.5,solidity,2022/11/11,first-run,1674265338.0084088,498.57029914855957,0,Dependence_on_predictable_environment_variable,,,
../smartbugs-wild/output/0x000000777697bdb425a417495743088dc664b10b.sol,0x000000777697bdb425a417495743088dc664b10b.sol,oyente,solidity,2022/11/11,first-run,1675154018.1878293,5.490331649780273,1,,analysis incomplete,Solidity compilation failed,
../smartbugs-wild/output/0x000000777697bdb425a417495743088dc664b10b.sol,0x000000777697bdb425a417495743088dc664b10b.sol,slither,solidity,2022/11/14,first-run,1675166138.6824985,12.19744348526001,255,,,EXIT_CODE_255,"error parsing results: file could not be opened successfully,exception (AssertionError)"
../smartbugs-wild/output/0x000000777697bdb425a417495743088dc664b10b.sol,0x000000777697bdb425a417495743088dc664b10b.sol,solhint,solidity,2022/11/14,first-run,1675144217.7169218,7.7532689571380615,1,"indent,max_line_length",,EXIT_CODE_1,
../smartbugs-wild/output/0x0000009d48b12597675a02fca9c317eadef152cb.sol,0x0000009d48b12597675a02fca9c317eadef152cb.sol,confuzzius,solidity,2022/12/31,first-run,1675157260.16174,623.1889002323151,,,,,DOCKER_TIMEOUT
../smartbugs-wild/output/0x0000009d48b12597675a02fca9c317eadef152cb.sol,0x0000009d48b12597675a02fca9c317eadef152cb.sol,conkas,solidity,2022/11/11,first-run,1675130087.24969,23.333604097366333,0,,,PHI instruction need arguments but 0 was given,
../smartbugs-wild/output/0x0000009d48b12597675a02fca9c317eadef152cb.sol,0x0000009d48b12597675a02fca9c317eadef152cb.sol,maian,solidity,2022/11/11,first-run,1675161237.4371448,628.489090681076,,,,,DOCKER_TIMEOUT
../smartbugs-wild/output/0x0000009d48b12597675a02fca9c317eadef152cb.sol,0x0000009d48b12597675a02fca9c317eadef152cb.sol,mythril-0.23.5,solidity,2022/11/11,first-run,1674241140.649298,613.9179334640503,,,,,DOCKER_TIMEOUT
../smartbugs-wild/output/0x0000009d48b12597675a02fca9c317eadef152cb.sol,0x0000009d48b12597675a02fca9c317eadef152cb.sol,oyente,solidity,2022/11/11,first-run,1675125107.3629081,15.770706176757812,1,,"analysis incomplete,incomplete push instruction",,"""exception (RuntimeError: Source map error, unknown name(SHR) or instr_name(INVALID))"""
../smartbugs-wild/output/0x0000009d48b12597675a02fca9c317eadef152cb.sol,0x0000009d48b12597675a02fca9c317eadef152cb.sol,slither,solidity,2022/11/14,first-run,1675134253.5314353,47.764650106430054,53,"constable_states,external_function,naming_convention,reentrancy_benign,reentrancy_no_eth,solc_version,unused_return,unused_state",,EXIT_CODE_53,
../smartbugs-wild/output/0x0000009d48b12597675a02fca9c317eadef152cb.sol,0x0000009d48b12597675a02fca9c317eadef152cb.sol,solhint,solidity,2022/11/14,first-run,1675133985.278863,50.502010107040405,1,"indent,max_line_length",,EXIT_CODE_1,
../smartbugs-wild/output/0x000000e45ffaab3552f1eba4b2799b6803322c12.sol,0x000000e45ffaab3552f1eba4b2799b6803322c12.sol,confuzzius,solidity,2022/12/31,first-run,1675146149.3420234,7.026885509490967,254,,,"EXIT_CODE_254,Problem while deploying contract SwapEncryption using account 0xcafebabecafebabecafebabecafebabecafebabe. Error message: b''",
../smartbugs-wild/output/0x000000e45ffaab3552f1eba4b2799b6803322c12.sol,0x000000e45ffaab3552f1eba4b2799b6803322c12.sol,conkas,solidity,2022/11/11,first-run,1675132301.8839161,129.0527765750885,0,"Integer_Overflow,Reentrancy",,,
../smartbugs-wild/output/0x000000e45ffaab3552f1eba4b2799b6803322c12.sol,0x000000e45ffaab3552f1eba4b2799b6803322c12.sol,maian,solidity,2022/11/11,first-run,1675121943.673418,136.7201807498932,0,"No_Ether_leak_no_send,No_Ether_lock_Ether_refused,Not_destructible_no_self_destruct",,,
../smartbugs-wild/output/0x000000e45ffaab3552f1eba4b2799b6803322c12.sol,0x000000e45ffaab3552f1eba4b2799b6803322c12.sol,mythril-0.23.5,solidity,2022/11/11,first-run,1674267277.6536636,523.8089196681976,0,"Exception_State,External_Call_To_User_Supplied_Address,Integer_Arithmetic_Bugs,State_access_after_external_call",,,
../smartbugs-wild/output/0x000000e45ffaab3552f1eba4b2799b6803322c12.sol,0x000000e45ffaab3552f1eba4b2799b6803322c12.sol,oyente,solidity,2022/11/11,first-run,1675126349.7116268,51.27395033836365,0,"Integer_Overflow,Integer_Underflow",,,
../smartbugs-wild/output/0x000000e45ffaab3552f1eba4b2799b6803322c12.sol,0x000000e45ffaab3552f1eba4b2799b6803322c12.sol,slither,solidity,2022/11/14,first-run,1675164264.5016963,5.746239185333252,27,"constable_states,external_function,incorrect_equality,naming_convention,solc_version,unused_return",,EXIT_CODE_27,
../smartbugs-wild/output/0x000000e45ffaab3552f1eba4b2799b6803322c12.sol,0x000000e45ffaab3552f1eba4b2799b6803322c12.sol,solhint,solidity,2022/11/14,first-run,1675124191.1529608,41.53328800201416,1,"indent,max_line_length",,EXIT_CODE_1,
../smartbugs-wild/output/0x000000f36edb9d436be73cdbf0dca7df3e6f3a50.sol,0x000000f36edb9d436be73cdbf0dca7df3e6f3a50.sol,confuzzius,solidity,2022/12/31,first-run,1675130815.2450018,24.96924591064453,254,,,"EXIT_CODE_254,Problem while deploying contract ERC721 using account 0xcafebabecafebabecafebabecafebabecafebabe. Error message: b''",
../smartbugs-wild/output/0x000000f36edb9d436be73cdbf0dca7df3e6f3a50.sol,0x000000f36edb9d436be73cdbf0dca7df3e6f3a50.sol,conkas,solidity,2022/11/11,first-run,1675146464.1171691,10.415710926055908,1,,,EXIT_CODE_1,exception (TypeError: object of type 'NoneType' has no len())
../smartbugs-wild/output/0x000000f36edb9d436be73cdbf0dca7df3e6f3a50.sol,0x000000f36edb9d436be73cdbf0dca7df3e6f3a50.sol,maian,solidity,2022/11/11,first-run,1675154196.1180148,619.415599822998,,,,,DOCKER_TIMEOUT
../smartbugs-wild/output/0x000000f36edb9d436be73cdbf0dca7df3e6f3a50.sol,0x000000f36edb9d436be73cdbf0dca7df3e6f3a50.sol,mythril-0.23.5,solidity,2022/11/11,first-run,1674239964.1046438,613.8964011669159,,,,,DOCKER_TIMEOUT
../smartbugs-wild/output/0x000000f36edb9d436be73cdbf0dca7df3e6f3a50.sol,0x000000f36edb9d436be73cdbf0dca7df3e6f3a50.sol,oyente,solidity,2022/11/11,first-run,1675140015.0164707,3.6651318073272705,1,,analysis incomplete,Solidity compilation failed,
../smartbugs-wild/output/0x000000f36edb9d436be73cdbf0dca7df3e6f3a50.sol,0x000000f36edb9d436be73cdbf0dca7df3e6f3a50.sol,slither,solidity,2022/11/14,first-run,1675129400.3015037,14.747821569442749,255,,,EXIT_CODE_255,error parsing results: file could not be opened successfully
../smartbugs-wild/output/0x000000f36edb9d436be73cdbf0dca7df3e6f3a50.sol,0x000000f36edb9d436be73cdbf0dca7df3e6f3a50.sol,solhint,solidity,2022/11/14,first-run,1675125871.6424592,14.797062397003174,1,"indent,max_line_length",,EXIT_CODE_1,
../smartbugs-wild/output/0x0000010d23ccfee520c3fb5a5ba9679cb9d83cbe.sol,0x0000010d23ccfee520c3fb5a5ba9679cb9d83cbe.sol,confuzzius,solidity,2022/12/31,first-run,1675139289.0632532,618.3564972877502,,"Assertion_Failure,Transaction_Order_Dependency",,Validation error: Sender account balance cannot afford txn (ignoring for now),DOCKER_TIMEOUT
../smartbugs-wild/output/0x0000010d23ccfee520c3fb5a5ba9679cb9d83cbe.sol,0x0000010d23ccfee520c3fb5a5ba9679cb9d83cbe.sol,conkas,solidity,2022/11/11,first-run,1675125508.3257234,288.53902292251587,0,"Integer_Overflow,Integer_Underflow,Reentrancy",,,
../smartbugs-wild/output/0x0000010d23ccfee520c3fb5a5ba9679cb9d83cbe.sol,0x0000010d23ccfee520c3fb5a5ba9679cb9d83cbe.sol,maian,solidity,2022/11/11,first-run,1675110458.7114644,173.23053240776062,0,"No_Ether_lock_Ether_refused,Not_destructible_no_self_destruct",,,
../smartbugs-wild/output/0x0000010d23ccfee520c3fb5a5ba9679cb9d83cbe.sol,0x0000010d23ccfee520c3fb5a5ba9679cb9d83cbe.sol,mythril-0.23.5,solidity,2022/11/11,first-run,1674252309.0180945,614.7965548038483,,,,,DOCKER_TIMEOUT
../smartbugs-wild/output/0x0000010d23ccfee520c3fb5a5ba9679cb9d83cbe.sol,0x0000010d23ccfee520c3fb5a5ba9679cb9d83cbe.sol,oyente,solidity,2022/11/11,first-run,1675135581.1718233,30.415234565734863,0,"Integer_Overflow,Integer_Underflow",,,
../smartbugs-wild/output/0x0000010d23ccfee520c3fb5a5ba9679cb9d83cbe.sol,0x0000010d23ccfee520c3fb5a5ba9679cb9d83cbe.sol,slither,solidity,2022/11/14,first-run,1675133549.303786,39.81546401977539,43,"constable_states,external_function,naming_convention,reentrancy_benign,reentrancy_no_eth,unused_return",,EXIT_CODE_43,
../smartbugs-wild/output/0x0000010d23ccfee520c3fb5a5ba9679cb9d83cbe.sol,0x0000010d23ccfee520c3fb5a5ba9679cb9d83cbe.sol,solhint,solidity,2022/11/14,first-run,1675143307.7691362,12.10761046409607,1,indent,,EXIT_CODE_1,
../smartbugs-wild/output/0x000005edbbc1f258302add96b5e20d3442e5dd89.sol,0x000005edbbc1f258302add96b5e20d3442e5dd89.sol,confuzzius,solidity,2022/12/31,first-run,1675159721.8764467,12.434115648269653,254,,,"EXIT_CODE_254,Problem while deploying contract AggregatedTokenSwap using account 0xcafebabecafebabecafebabecafebabecafebabe. Error message: b''",
../smartbugs-wild/output/0x000005edbbc1f258302add96b5e20d3442e5dd89.sol,0x000005edbbc1f258302add96b5e20d3442e5dd89.sol,conkas,solidity,2022/11/11,first-run,1675136739.3665946,614.4647431373596,,,,,"DOCKER_TIMEOUT,exception (RecursionError: maximum recursion depth exceeded)"
../smartbugs-wild/output/0x000005edbbc1f258302add96b5e20d3442e5dd89.sol,0x000005edbbc1f258302add96b5e20d3442e5dd89.sol,maian,solidity,2022/11/11,first-run,1675143781.6418335,621.598197221756,,,,,DOCKER_TIMEOUT
../smartbugs-wild/output/0x000005edbbc1f258302add96b5e20d3442e5dd89.sol,0x000005edbbc1f258302add96b5e20d3442e5dd89.sol,mythril-0.23.5,solidity,2022/11/11,first-run,1674271381.536234,615.1101262569427,,,,,DOCKER_TIMEOUT
../smartbugs-wild/output/0x000005edbbc1f258302add96b5e20d3442e5dd89.sol,0x000005edbbc1f258302add96b5e20d3442e5dd89.sol,oyente,solidity,2022/11/11,first-run,1675132426.6784697,20.393073081970215,1,,"analysis incomplete,incomplete push instruction",,"""exception (RuntimeError: Source map error, unknown name(SHR) or instr_name(INVALID))"""
../smartbugs-wild/output/0x000005edbbc1f258302add96b5e20d3442e5dd89.sol,0x000005edbbc1f258302add96b5e20d3442e5dd89.sol,slither,solidity,2022/11/14,first-run,1675156934.1390276,9.191207647323608,34,"arbitrary_send,assembly,calls_loop,constant_function,external_function,incorrect_equality,low_level_calls,naming_convention,pragma,solc_version,unused_return",,EXIT_CODE_34,
../smartbugs-wild/output/0x000005edbbc1f258302add96b5e20d3442e5dd89.sol,0x000005edbbc1f258302add96b5e20d3442e5dd89.sol,solhint,solidity,2022/11/14,first-run,1675150714.9460804,4.972091436386108,1,max_line_length,,EXIT_CODE_1,
../smartbugs-wild/output/0x0000a0d6a326f045531bac2a83ad35727234a440.sol,0x0000a0d6a326f045531bac2a83ad35727234a440.sol,confuzzius,solidity,2022/12/31,first-run,1675128921.8189175,21.207260131835938,1,,,EXIT_CODE_1,exception (UnicodeDecodeError: 'ascii' codec can't decode byte 0xc3 in position 50088: ordinal not in range(128))
../smartbugs-wild/output/0x0000a0d6a326f045531bac2a83ad35727234a440.sol,0x0000a0d6a326f045531bac2a83ad35727234a440.sol,conkas,solidity,2022/11/11,first-run,1675135632.718665,15.583867073059082,1,,,EXIT_CODE_1,exception (AttributeError: 'NoneType' object has no attribute 'expressionList')
../smartbugs-wild/output/0x0000a0d6a326f045531bac2a83ad35727234a440.sol,0x0000a0d6a326f045531bac2a83ad35727234a440.sol,maian,solidity,2022/11/11,first-run,1675141486.3115592,615.7964572906494,,,,,DOCKER_TIMEOUT
../smartbugs-wild/output/0x0000a0d6a326f045531bac2a83ad35727234a440.sol,0x0000a0d6a326f045531bac2a83ad35727234a440.sol,mythril-0.23.5,solidity,2022/11/11,first-run,1674243702.1480935,613.1863150596619,,,,,DOCKER_TIMEOUT
../smartbugs-wild/output/0x0000a0d6a326f045531bac2a83ad35727234a440.sol,0x0000a0d6a326f045531bac2a83ad35727234a440.sol,oyente,solidity,2022/11/11,first-run,1675124808.2642753,28.855992555618286,1,,"analysis incomplete,incomplete push instruction",,exception (KeyError: '/sb/0x0000a0d6a326f045531bac2a83ad35727234a440.sol:AssetLib')
../smartbugs-wild/output/0x0000a0d6a326f045531bac2a83ad35727234a440.sol,0x0000a0d6a326f045531bac2a83ad35727234a440.sol,slither,solidity,2022/11/14,first-run,1675130482.137279,26.846576690673828,255,,,EXIT_CODE_255,error parsing results: file could not be opened successfully
../smartbugs-wild/output/0x0000a0d6a326f045531bac2a83ad35727234a440.sol,0x0000a0d6a326f045531bac2a83ad35727234a440.sol,solhint,solidity,2022/11/14,first-run,1675152069.13377,11.035787343978882,1,"indent,max_line_length",,EXIT_CODE_1,
../smartbugs-wild/output/0x0000a26b00c1f0df003000390027140000faa719.sol,0x0000a26b00c1f0df003000390027140000faa719.sol,confuzzius,solidity,2022/12/31,first-run,1675124813.6294417,38.146963596343994,254,,,"EXIT_CODE_254,Problem while deploying contract PayableProxy using account 0xcafebabecafebabecafebabecafebabecafebabe. Error message: b''",
../smartbugs-wild/output/0x0000a26b00c1f0df003000390027140000faa719.sol,0x0000a26b00c1f0df003000390027140000faa719.sol,conkas,solidity,2022/11/11,first-run,1675134541.570519,39.65379977226257,1,,,EXIT_CODE_1,exception (AttributeError: 'NoneType' object has no attribute 'getText')
../smartbugs-wild/output/0x0000a26b00c1f0df003000390027140000faa719.sol,0x0000a26b00c1f0df003000390027140000faa719.sol,maian,solidity,2022/11/11,first-run,1675138580.345794,622.0789175033569,,,,,DOCKER_TIMEOUT
../smartbugs-wild/output/0x0000a26b00c1f0df003000390027140000faa719.sol,0x0000a26b00c1f0df003000390027140000faa719.sol,mythril-0.23.5,solidity,2022/11/11,first-run,1674284945.2610872,23.99968910217285,0,Dependence_on_tx_origin,,,
../smartbugs-wild/output/0x0000a26b00c1f0df003000390027140000faa719.sol,0x0000a26b00c1f0df003000390027140000faa719.sol,oyente,solidity,2022/11/11,first-run,1675136814.5476854,8.312032699584961,1,,analysis incomplete,Solidity compilation failed,
../smartbugs-wild/output/0x0000a26b00c1f0df003000390027140000faa719.sol,0x0000a26b00c1f0df003000390027140000faa719.sol,slither,solidity,2022/11/14,first-run,1675129894.4635766,17.30736255645752,255,,,EXIT_CODE_255,error parsing results: file could not be opened successfully
../smartbugs-wild/output/0x0000a26b00c1f0df003000390027140000faa719.sol,0x0000a26b00c1f0df003000390027140000faa719.sol,solhint,solidity,2022/11/14,first-run,1675130107.1671827,17.118837594985962,1,indent,,EXIT_CODE_1,
../smartbugs-wild/output/0x0000f5d56e61f679c698c4ce3652bd12cb940000.sol,0x0000f5d56e61f679c698c4ce3652bd12cb940000.sol,confuzzius,solidity,2022/12/31,first-run,1675133178.016735,25.751710891723633,250,,,"""0x2a9b5b88: ['address', 'tuple', 'bytes'] -> ['0xdeadbeefdeadbeefdeadbeefdeadbeefdeadbeef', None, bytearray(b'\x96\xcd\x0b\xf2\xd0\x06\x9cL\xb37`\xddcM\xf53\xe0\x92+\xa4+V\nJ\xf0\xaarj\xaaZ\x8ej')]"",EXIT_CODE_250,No matching entries for 'tuple' in encoder registry,Unsupported type: tuple",
../smartbugs-wild/output/0x0000f5d56e61f679c698c4ce3652bd12cb940000.sol,0x0000f5d56e61f679c698c4ce3652bd12cb940000.sol,conkas,solidity,2022/11/11,first-run,1675143599.4455414,13.10302472114563,1,,,EXIT_CODE_1,exception (ANTLR runtime and generated code versions disagree: 4.9.2!=4.7.2)
../smartbugs-wild/output/0x0000f5d56e61f679c698c4ce3652bd12cb940000.sol,0x0000f5d56e61f679c698c4ce3652bd12cb940000.sol,maian,solidity,2022/11/11,first-run,1675143334.5669186,616.5842294692993,,,,,DOCKER_TIMEOUT
../smartbugs-wild/output/0x0000f5d56e61f679c698c4ce3652bd12cb940000.sol,0x0000f5d56e61f679c698c4ce3652bd12cb940000.sol,mythril-0.23.5,solidity,2022/11/11,first-run,1674250627.7816904,7.791114568710327,0,,,Solc experienced a fatal error,
../smartbugs-wild/output/0x0000f5d56e61f679c698c4ce3652bd12cb940000.sol,0x0000f5d56e61f679c698c4ce3652bd12cb940000.sol,oyente,solidity,2022/11/11,first-run,1675149494.9976103,8.921785593032837,1,,"analysis incomplete,incomplete push instruction",,exception (KeyError: '/sb/0x0000f5d56e61f679c698c4ce3652bd12cb940000.sol:Types')
../smartbugs-wild/output/0x0000f5d56e61f679c698c4ce3652bd12cb940000.sol,0x0000f5d56e61f679c698c4ce3652bd12cb940000.sol,slither,solidity,2022/11/14,first-run,1675158679.0218434,4.506811857223511,255,,,EXIT_CODE_255,error parsing results: file could not be opened successfully
../smartbugs-wild/output/0x0000f5d56e61f679c698c4ce3652bd12cb940000.sol,0x0000f5d56e61f679c698c4ce3652bd12cb940000.sol,solhint,solidity,2022/11/14,first-run,1675162760.4786477,7.205769062042236,1,indent,,EXIT_CODE_1,
../smartbugs-wild/output/0x0000fee6275dab194ab538a01dd8b18b02b20000.sol,0x0000fee6275dab194ab538a01dd8b18b02b20000.sol,confuzzius,solidity,2022/12/31,first-run,1675165636.010461,5.38760781288147,250,,,"""0x2a9b5b88: ['address', 'tuple', 'bytes'] -> ['0xdeadbeefdeadbeefdeadbeefdeadbeefdeadbeef', None, bytearray(b'\xa4')]"",EXIT_CODE_250,No matching entries for 'tuple' in encoder registry,Unsupported type: tuple",
../smartbugs-wild/output/0x0000fee6275dab194ab538a01dd8b18b02b20000.sol,0x0000fee6275dab194ab538a01dd8b18b02b20000.sol,conkas,solidity,2022/11/11,first-run,1675122153.430012,26.304314374923706,1,,,EXIT_CODE_1,exception (AttributeError: 'NoneType' object has no attribute 'getText')
../smartbugs-wild/output/0x0000fee6275dab194ab538a01dd8b18b02b20000.sol,0x0000fee6275dab194ab538a01dd8b18b02b20000.sol,maian,solidity,2022/11/11,first-run,1675145084.0025728,626.899008512497,,,,,DOCKER_TIMEOUT
../smartbugs-wild/output/0x0000fee6275dab194ab538a01dd8b18b02b20000.sol,0x0000fee6275dab194ab538a01dd8b18b02b20000.sol,mythril-0.23.5,solidity,2022/11/11,first-run,1674249278.034583,6.627744436264038,0,,,Solc experienced a fatal error,
../smartbugs-wild/output/0x0000fee6275dab194ab538a01dd8b18b02b20000.sol,0x0000fee6275dab194ab538a01dd8b18b02b20000.sol,oyente,solidity,2022/11/11,first-run,1675139320.1595767,8.26191782951355,1,,"analysis incomplete,incomplete push instruction",,exception (KeyError: '/sb/0x0000fee6275dab194ab538a01dd8b18b02b20000.sol:ApeBotV3')
../smartbugs-wild/output/0x0000fee6275dab194ab538a01dd8b18b02b20000.sol,0x0000fee6275dab194ab538a01dd8b18b02b20000.sol,slither,solidity,2022/11/14,first-run,1675125685.3678138,14.219064235687256,255,,,EXIT_CODE_255,error parsing results: file could not be opened successfully
../smartbugs-wild/output/0x0000fee6275dab194ab538a01dd8b18b02b20000.sol,0x0000fee6275dab194ab538a01dd8b18b02b20000.sol,solhint,solidity,2022/11/14,first-run,1675162153.1130884,7.264923095703125,1,indent,,EXIT_CODE_1,
../smartbugs-wild/output/0x0003ed19f80564745e84b4cc411a7b6be4f0cf31.sol,0x0003ed19f80564745e84b4cc411a7b6be4f0cf31.sol,confuzzius,solidity,2022/12/31,first-run,1675124180.6297107,39.46888780593872,254,,,"EXIT_CODE_254,Problem while deploying contract NeverJeet using account 0xcafebabecafebabecafebabecafebabecafebabe. Error message: b''",
../smartbugs-wild/output/0x0003ed19f80564745e84b4cc411a7b6be4f0cf31.sol,0x0003ed19f80564745e84b4cc411a7b6be4f0cf31.sol,conkas,solidity,2022/11/11,first-run,1675148972.9139116,6.829688549041748,1,,,EXIT_CODE_1,exception (TypeError: object of type 'NoneType' has no len())
../smartbugs-wild/output/0x0003ed19f80564745e84b4cc411a7b6be4f0cf31.sol,0x0003ed19f80564745e84b4cc411a7b6be4f0cf31.sol,maian,solidity,2022/11/11,first-run,1675144178.0135171,622.8255126476288,,,,,DOCKER_TIMEOUT
